id;cohort;gender;country;duration;family_jur;jud_vars_rules;jud_vars_gender;jud_vars_ideology;jud_vars_public;jud_vars_courts;jud_vars_polits;jud_vars_litig;ideo_lr;ideo_eu;ideo_bel;cogn_stud;cogn_pig;cogn_stock;dec_tort_prop;dec_tort_art3;dec_rob_f;dec_rob_m;dec_rob_fx;dec_ref_2m;dec_ref_reas;dec_car_ford;dec_car_audi;dec_fin_contr;dec_fin_effet;ecj_power;eu_inst_com;eu_inst_ep;eu_inst_cons;eu_inst_ecj;eu_inst_ecb
R_2xK4ciNNDrQnLRb;emerging2021;M;Belgium;662;2;NA;NA;NA;6;4;3;5;6;9;2;29;20;7000;NA;1;NA;36;NA;NA;2;NA;NA;1;2;7;3;2;1;5;4
R_23awOmKWCYnJ4zx;emerging2021;M;Belgium;718;2;7;2;6;4;5;1;3;4;9;2;29;20;7000;NA;2;NA;24;NA;1;NA;NA;NA;2;NA;6;5;2;4;3;1
R_esnhCN17tT6Nl9T;emerging2021;M;Belgium;8667;2;7;2;3;1;5;4;6;6;9;2;29;20;7000;NA;1;NA;NA;36;NA;2;NA;NA;NA;2;9;4;1;2;5;3
R_1fdrODAia67N7RW;emerging2021;M;98;809;1;1;6;5;7;2;4;3;7;8;NA;29;90;7000;1;NA;30;NA;NA;1;NA;NA;1;1;NA;6;2;1;4;4;5
R_3iR7UHqjB4iQQjS;emerging2021;F;202;825;2;7;3;4;1;5;6;2;2;5;NA;1;20;7000;1;NA;9;NA;NA;NA;2;NA;NA;NA;2;6;2;1;4;3;5
R_3KNQ6jYx0o7OUp2;emerging2021;M;Belgium;862;2;7;1;2;3;6;4;5;3;9;7;29;20;7000;1;NA;12;NA;NA;1;NA;NA;NA;2;2;7;5;2;4;3;1
R_2dgUxFxm0SuaL3P;emerging2021;M;Belgium;118;2;4;3;2;7;5;1;6;6;9;2;29;20;7000;NA;1;36;NA;NA;NA;2;NA;NA;1;NA;8;3;2;1;5;4
R_dbDA1tulrRRGnip;emerging2021;F;106;813;2;7;NA;NA;NA;NA;4;6;3;10;NA;1;20;6000;NA;1;NA;8;NA;NA;1;1;NA;NA;2;NA;5;3;4;2;4
R_3L2e99R3FGaNVN6;emerging2021;NA;NA;772;NA;NA;1;NA;NA;NA;NA;NA;NA;NA;NA;0;0;0;NA;NA;NA;0;NA;NA;NA;NA;NA;NA;NA;0;NA;NA;NA;NA;NA
R_2frZetRkQCrMWDz;emerging2021;F;57;1029;2;1;7;5;NA;3;4;2;7;8;NA;30;10;10000;NA;1;42;NA;NA;2;NA;NA;NA;2;2;7;2;5;3;4;4
R_22QYqkQfePkN7Q2;emerging2021;F;134;1221;2;3;7;2;6;4;5;1;5;10;NA;30;10;7000;NA;2;NA;24;NA;2;NA;NA;NA;2;1;8;5;3;4;2;1
R_1LOqljiMSW3aAS8;emerging2021;M;101;1230;2;1;5;3;6;7;4;2;5;8;NA;30;10;7000;1;NA;NA;30;NA;1;NA;1;NA;NA;1;8;4;4;3;5;2
R_9Bv6mCDUlgG8xdD;emerging2021;M;58;3356;2;1;7;3;6;5;4;2;2;9;NA;30;0;6000;NA;1;NA;NA;32;NA;1;NA;NA;1;1;7;5;2;3;4;4
R_33pQacoCP3Xs7pv;emerging2021;M;58;967;2;7;4;NA;NA;6;2;NA;3;7;NA;29;10;7000;NA;1;84;NA;NA;NA;3;NA;NA;NA;1;6;5;3;1;4;2
R_3oFtFENt7KuwMJg;emerging2021;NA;106;752;2;7;2;3;NA;5;4;6;6;8;NA;30;20;0;NA;2;NA;12;NA;1;NA;NA;NA;1;NA;6;4;3;3;2;4
R_XOn8FJyjiPyBdvz;emerging2021;M;208;1259;2;7;3;2;1;6;4;5;6;10;NA;30;0;7000;1;NA;NA;NA;18;NA;1;NA;2;1;NA;9;5;1;3;4;2
R_3EDLfIB9dRprccu;emerging2021;M;228;1313;2;1;7;4;5;2;6;3;3;7;NA;29;20;7000;1;NA;NA;NA;48;2;NA;1;NA;2;NA;6;5;3;4;3;2
R_2us0kditOGBRbLM;emerging2021;M;153;1409;2;1;7;4;6;3;5;2;6;4;NA;30;10;7000;1;NA;NA;NA;84;1;NA;NA;2;2;NA;7;4;2;5;5;4
R_3dFjfo9i1BLJpEc;emerging2021;F;197;10162;2;1;7;5;3;4;6;2;5;9;NA;30;10;7000;1;NA;NA;NA;42;NA;1;NA;NA;NA;1;8;4;5;3;4;4
R_1IzPdQkFR6hZTNr;emerging2021;F;74;1527;2;7;4;5;6;3;1;2;3;7;NA;29;0;7000;NA;1;NA;NA;40;NA;2;NA;2;NA;1;6;5;3;2;4;1
R_8nX4DZnHncmkxe9;emerging2021;F;44;1872;2;1;5;4;3;7;6;2;3;5;NA;29;0;7000;1;NA;12;NA;NA;NA;1;NA;NA;1;1;7;5;4;3;3;3
R_2VvuNF5wbx7KCfa;emerging2021;M;202;2245;2;1;6;5;4;3;7;2;5;9;NA;16;10;5000;2;NA;NA;10;NA;1;NA;2;NA;NA;NA;7;5;1;2;4;3
R_2SoF7QiqPk8zNsZ;emerging2021;M;Belgium;1151;2;1;7;5;6;4;3;2;3;10;2;29;20;7000;2;NA;NA;NA;36;2;NA;NA;NA;2;2;7;5;4;4;3;4
R_1esehMRghPB9hnX;fdd2020;F;Belgium;714;2;4;6;NA;NA;3;7;5;5;8;2;30;30;3000;NA;1;NA;12;NA;NA;2;NA;1;NA;NA;NA;NA;NA;NA;NA;NA
R_XL1zEksTlcG6uCl;fdd2020;F;Belgium;489;2;2;7;6;4;1;5;3;5;9;7;29;20;7000;NA;1;NA;72;NA;NA;2;NA;1;NA;NA;NA;NA;NA;NA;NA;NA
R_2TFROVLHGCZyNLS;fdd2020;F;Belgium;591;2;7;2;3;NA;5;4;6;5;9;NA;29;0;7000;NA;1;30;NA;NA;3;NA;1;NA;NA;NA;NA;NA;NA;NA;NA;NA
R_3WRMeNWoOC0tYnn;fdd2020;M;Belgium;538;2;7;6;4;1;3;2;5;7;7;NA;30;20;7000;2;NA;NA;NA;18;NA;1;NA;1;NA;NA;NA;NA;NA;NA;NA;NA
R_d7oh32bLl622YCZ;fdd2020;M;Belgium;579;2;1;7;6;3;4;2;5;8;3;1;31;20;7000;NA;1;60;NA;NA;NA;2;1;NA;NA;NA;NA;NA;NA;NA;NA;NA
R_1kYwX0qYCftJZzo;fdd2020;F;Belgium;366;2;7;2;3;4;6;1;5;2;8;7;30;10;100;2;NA;NA;14;NA;1;NA;NA;2;NA;NA;NA;NA;NA;NA;NA;NA
R_3lKuR8Bs9ABspjS;fdd2020;M;Belgium;545;1;1;5;3;7;4;6;2;6;7;2;29;20;7000;NA;1;100;NA;NA;1;NA;1;NA;NA;NA;NA;NA;NA;NA;NA;NA
R_089KnrIxRmFwKhb;fdd2020;F;Belgium;648;2;7;1;2;3;6;4;5;6;7;7;30;20;6000;1;NA;NA;NA;60;1;NA;1;NA;NA;NA;NA;NA;NA;NA;NA;NA
R_2amEnJS8RRapkwT;fdd2020;F;Belgium;630;2;1;6;7;3;2;4;5;6;5;NA;0;10;7000;1;NA;NA;NA;60;NA;3;NA;2;NA;NA;NA;NA;NA;NA;NA;NA
R_2tzFZAdyAVPDYef;fdd2020;M;Belgium;600;2;1;7;5;3;2;6;4;2;9;4;29;20;7000;NA;1;NA;NA;24;2;NA;NA;2;NA;NA;NA;NA;NA;NA;NA;NA
R_3F23JxfmTSL95Cq;fdd2020;F;Belgium;837;2;1;5;NA;4;NA;6;2;7;9;2;15;20;10000;1;NA;60;NA;NA;NA;2;1;NA;NA;NA;NA;NA;NA;NA;NA;NA
R_2tyTjYKrN6pN0Hb;fdd2020;F;Belgium;441;2;1;7;NA;5;3;NA;6;5;7;7;30;10;0;NA;1;NA;0;NA;NA;NA;NA;NA;NA;NA;NA;NA;NA;NA;NA;NA
R_25EEWB62RMzzTFO;fdd2020;M;Belgium;645;2;1;7;4;5;2;6;3;3;9;3;29;20;7000;NA;1;24;NA;NA;1;NA;NA;1;NA;NA;NA;NA;NA;NA;NA;NA
R_pQpg9HY5fyrKRup;fdd2020;M;Belgium;859;2;1;6;7;2;4;5;3;7;8;1;30;10;7000;2;NA;NA;NA;60;3;NA;1;NA;NA;NA;NA;NA;NA;NA;NA;NA
R_2vcTfs11WhcIk71;fdd2020;F;Belgium;671;2;7;2;3;1;4;5;6;5;6;NA;29;20;7000;1;NA;20;NA;NA;1;NA;1;NA;NA;NA;NA;NA;NA;NA;NA;NA
R_20NXKgoJxu4EokI;fdd2020;F;Belgium;680;2;1;5;3;6;7;4;2;4;8;2;29;20;7000;2;NA;60;NA;NA;1;NA;1;NA;NA;NA;NA;NA;NA;NA;NA;NA
R_3GjhSzIWzNUQndw;fdd2020;M;Belgium;706;2;1;7;3;5;2;4;6;8;4;1;29;20;7000;NA;1;NA;42;NA;NA;3;NA;1;NA;NA;NA;NA;NA;NA;NA;NA
R_qz4HDLIETiBgo37;fdd2020;M;Belgium;669;2;2;5;NA;NA;4;NA;3;5;10;7;29;20;7000;NA;1;NA;NA;36;NA;2;1;NA;NA;NA;NA;NA;NA;NA;NA;NA
R_248DxaIE62n1fCY;fdd2020;M;Belgium;814;2;1;7;6;4;3;2;5;5;7;7;29;100;10000;NA;2;NA;NA;72;NA;1;1;NA;NA;NA;NA;NA;NA;NA;NA;NA
R_31SfOLgkAgW90SW;fdd2020;F;Belgium;746;2;1;6;4;5;3;7;2;8;6;1;29;10;6000;NA;1;NA;36;NA;1;NA;1;NA;NA;NA;NA;NA;NA;NA;NA;NA
R_3gRXjv3zBDz4LhD;fdd2020;M;Belgium;757;2;1;7;6;4;2;5;3;7;10;2;29;0;7000;NA;1;NA;20;NA;NA;3;NA;2;NA;NA;NA;NA;NA;NA;NA;NA
R_qUS6Nomp6T2poU9;fdd2020;M;Belgium;744;2;7;3;4;1;6;5;2;8;5;1;30;20;7000;1;NA;NA;12;NA;NA;3;NA;2;NA;NA;NA;NA;NA;NA;NA;NA
R_8iu86yiPsyFv5Lz;fdd2020;F;Belgium;699;2;1;6;2;4;3;7;5;4;6;3;29;20;7000;1;NA;NA;72;NA;2;NA;1;NA;NA;NA;NA;NA;NA;NA;NA;NA
R_3nAvmfXqbPtb9Jn;fdd2020;F;Belgium;1320;2;1;6;4;5;3;7;2;5;8;2;15;20;7000;2;NA;NA;NA;72;1;NA;1;NA;NA;NA;NA;NA;NA;NA;NA;NA
R_OCe6JYB8TiPvar7;fdd2020;F;Belgium;1372;2;6;1;5;3;2;4;7;7;9;1;15;20;7000;2;NA;36;NA;NA;1;NA;1;NA;NA;NA;NA;NA;NA;NA;NA;NA
R_3kNUnFEoNIqMSzy;fdd2020;M;Belgium;721;1;1;7;5;4;NA;6;2;5;3;NA;31;10;7000;2;NA;75;NA;NA;NA;2;NA;2;NA;NA;NA;NA;NA;NA;NA;NA
R_1IJVT0x8SqX71dv;fdd2020;M;Belgium;765;2;1;5;6;7;2;4;3;6;8;7;29;20;7000;1;NA;36;NA;NA;2;NA;2;NA;NA;NA;NA;NA;NA;NA;NA;NA
R_2dRaikH9XjRNKck;fdd2020;F;Belgium;941;2;1;7;5;6;3;4;2;2;8;3;29;10;10000;NA;1;NA;NA;120;NA;1;2;NA;NA;NA;NA;NA;NA;NA;NA;NA
R_3suLQKAs6r43w7k;fdd2020;M;Belgium;805;2;1;6;5;2;3;7;4;7;0;2;30;10;7000;1;NA;24;NA;NA;NA;2;NA;2;NA;NA;NA;NA;NA;NA;NA;NA
R_3PRmcNyOe7HuH5i;fdd2020;M;Belgium;724;2;1;6;4;5;3;7;2;6;5;NA;29;20;10000;NA;1;24;NA;NA;1;NA;1;NA;NA;NA;NA;NA;NA;NA;NA;NA
R_3njtEe2CnRr86ry;fdd2020;F;Belgium;799;2;1;5;6;4;3;7;2;6;7;1;31;10;68000;NA;2;NA;18;NA;NA;1;NA;1;NA;NA;NA;NA;NA;NA;NA;NA
R_tFc6wuHBKRrM3EB;fdd2020;F;Belgium;670;1;1;7;6;5;3;4;2;7;5;1;15;0;7000;NA;2;NA;NA;48;NA;2;NA;2;NA;NA;NA;NA;NA;NA;NA;NA
R_2dunNayQEKMGumR;fdd2020;F;Belgium;808;2;1;7;6;4;2;5;3;4;6;3;30;20;0;NA;1;18;NA;NA;NA;1;1;NA;NA;NA;NA;NA;NA;NA;NA;NA
R_2w0vOfK8oLaxM7h;fdd2020;F;Belgium;836;1;1;5;4;6;2;7;3;3;7;2;30;20;7000;1;NA;NA;12;NA;1;NA;1;NA;NA;NA;NA;NA;NA;NA;NA;NA
R_rqeTxSlFEQ9UzgR;fdd2020;M;Belgium;714;2;1;7;4;5;3;6;2;5;8;NA;30;20;7000;2;NA;NA;NA;72;3;NA;NA;2;NA;NA;NA;NA;NA;NA;NA;NA
R_2E1bQOKHuZLlK3x;fdd2020;F;Belgium;842;2;NA;2;3;NA;5;4;7;2;9;NA;1;10;7000;NA;1;9;NA;NA;2;NA;NA;2;NA;NA;NA;NA;NA;NA;NA;NA
R_tXV2qMFO84UWEaR;fdd2020;M;Belgium;680;2;NA;3;NA;5;1;4;2;8;7;1;15;10;3000;NA;1;NA;NA;34;NA;1;NA;1;NA;NA;NA;NA;NA;NA;NA;NA
R_1OAVWIJkRWhT6r7;fdd2020;F;Belgium;1086;2;1;6;5;7;3;4;2;7;6;1;29;20;7000;NA;1;NA;24;NA;NA;1;NA;1;NA;NA;NA;NA;NA;NA;NA;NA
R_10Tyu88wUsrH4cp;fdd2020;F;Belgium;706;1;1;6;4;7;2;5;3;5;10;7;15;20;7000;NA;1;NA;18;NA;2;NA;NA;1;NA;NA;NA;NA;NA;NA;NA;NA
R_79z3Nz2qSNBeWdz;fdd2020;F;Belgium;748;2;1;7;6;5;2;4;3;6;5;1;30;10;7000;1;NA;NA;12;NA;NA;3;1;NA;NA;NA;NA;NA;NA;NA;NA;NA
R_2ziGnKFiuJnOJyw;fdd2020;F;Belgium;823;1;1;NA;2;NA;3;NA;4;6;7;1;1;20;6000;NA;2;NA;36;NA;NA;3;1;NA;NA;NA;NA;NA;NA;NA;NA;NA
R_2uqvYwk3nRp6wuk;fdd2020;M;Belgium;823;2;2;7;6;1;3;4;5;2;9;8;29;10;7000;1;NA;48;NA;NA;NA;3;NA;1;NA;NA;NA;NA;NA;NA;NA;NA
R_3ko0fOBAcvdj7gt;fdd2020;M;Belgium;882;2;7;2;4;3;5;1;6;7;6;1;30;20;NA;1;NA;24;NA;NA;1;NA;2;NA;NA;NA;NA;NA;NA;NA;NA;NA
R_PTXemewMY7zreEh;fdd2020;M;Belgium;836;2;1;7;5;6;2;4;3;7;5;1;29;10;7000;2;NA;NA;NA;96;NA;3;1;NA;NA;NA;NA;NA;NA;NA;NA;NA
R_2fJoEG5l5HjBjma;fdd2020;M;Belgium;820;2;1;NA;3;5;NA;4;2;3;10;8;16;0;6500;1;NA;NA;NA;36;2;NA;2;NA;NA;NA;NA;NA;NA;NA;NA;NA
R_2YPOorOTArTUq3V;fdd2020;F;Belgium;791;2;1;4;5;2;3;6;7;7;8;1;15;10;3000;1;NA;NA;NA;48;3;NA;NA;1;NA;NA;NA;NA;NA;NA;NA;NA
R_24w8Ric4WeIDSwO;fdd2020;F;Belgium;842;2;1;NA;4;3;NA;6;NA;5;7;2;15;0;7000;1;NA;24;NA;NA;2;NA;NA;1;NA;NA;NA;NA;NA;NA;NA;NA
R_1gCwobJqzO6WsRe;fdd2020;M;Belgium;877;2;1;7;4;3;5;6;2;5;6;2;1;0;7000;2;NA;34;NA;NA;NA;3;2;NA;NA;NA;NA;NA;NA;NA;NA;NA
R_245GlbrVkpZjHEd;fdd2020;F;Belgium;561;2;1;7;6;5;2;4;3;6;8;2;31;0;7000;1;NA;NA;NA;144;1;NA;1;NA;NA;NA;NA;NA;NA;NA;NA;NA
R_3CN7SXP6ns5tVtc;fdd2020;F;Belgium;720;2;1;4;2;5;7;3;6;3;9;3;29;10;7000;1;NA;NA;72;NA;2;NA;NA;2;NA;NA;NA;NA;NA;NA;NA;NA
R_yHD5iZO7wRu8sPD;fdd2020;F;Belgium;688;2;1;7;5;6;3;4;2;1;9;4;15;20;7000;1;NA;NA;46;NA;2;NA;1;NA;NA;NA;NA;NA;NA;NA;NA;NA
R_3nf0ghxVIx7FEiP;fdd2020;F;Belgium;865;1;7;3;4;2;5;1;6;5;7;NA;60;10;7000;2;NA;NA;60;NA;NA;2;NA;2;NA;NA;NA;NA;NA;NA;NA;NA
R_8GNRlssWkWE4xUZ;fdd2020;F;Belgium;841;2;5;3;1;2;7;4;6;2;9;4;30;10;7000;1;NA;NA;NA;84;NA;2;2;NA;NA;NA;NA;NA;NA;NA;NA;NA
R_123hM1vqN2Nhqrb;fdd2020;M;Belgium;779;2;1;7;6;5;3;2;4;7;8;2;30;10;10000;1;NA;14;NA;NA;NA;3;NA;2;NA;NA;NA;NA;NA;NA;NA;NA
R_2B8orEWqXUUQB8f;fdd2020;F;Belgium;899;2;7;4;5;2;6;1;3;8;6;1;15;20;7000;NA;2;42;NA;NA;NA;3;NA;2;NA;NA;NA;NA;NA;NA;NA;NA
R_2c1rBBUYYrGwfPj;fdd2020;F;Belgium;751;2;7;2;NA;3;6;1;5;7;7;1;31;20;3000;1;NA;50;NA;NA;NA;2;NA;2;NA;NA;NA;NA;NA;NA;NA;NA
R_AEsWpmfAoe0PT7X;fdd2020;M;Belgium;698;2;1;5;4;6;2;7;3;6;4;1;29;20;10000;NA;1;NA;12;NA;NA;3;2;NA;NA;NA;NA;NA;NA;NA;NA;NA
R_3MRqajIWmxnez4K;fdd2020;F;Belgium;892;2;1;6;5;7;3;4;2;3;9;NA;30;20;2000;NA;1;60;NA;NA;2;NA;NA;1;NA;NA;NA;NA;NA;NA;NA;NA
R_2Ea9OPtP8NwNTA1;fdd2020;F;Belgium;678;2;1;7;6;2;3;5;4;2;10;3;15;0;7000;1;NA;NA;36;NA;NA;2;2;NA;NA;NA;NA;NA;NA;NA;NA;NA
R_3KvjfEi723uvPSC;fdd2020;F;Belgium;951;2;7;4;5;2;3;1;6;6;7;2;30;20;7000;1;NA;40;NA;NA;NA;2;1;NA;NA;NA;NA;NA;NA;NA;NA;NA
R_sppPd5KjZiVzglz;fdd2020;M;Belgium;786;2;1;5;7;3;2;4;6;6;5;1;15;10;5000;NA;1;NA;48;NA;NA;2;1;NA;NA;NA;NA;NA;NA;NA;NA;NA
R_VPApknB29XzRW4F;fdd2020;F;Belgium;777;2;1;7;6;4;2;5;3;3;8;3;29;20;1400;2;NA;NA;24;NA;NA;2;1;NA;NA;NA;NA;NA;NA;NA;NA;NA
R_237e6CwF2EMDdfW;fdd2020;M;Belgium;1074;2;7;1;3;5;4;NA;6;5;10;NA;29;10;7000;NA;2;NA;NA;86;NA;2;NA;1;NA;NA;NA;NA;NA;NA;NA;NA
R_2Sv2Fa8sKd59raF;fdd2020;F;Belgium;769;2;1;7;5;2;4;3;6;5;9;2;1;0;14000;NA;2;NA;24;NA;NA;2;2;NA;NA;NA;NA;NA;NA;NA;NA;NA
R_soM4mOrY6ibH5Ad;fdd2020;F;Belgium;952;2;1;5;4;7;2;6;3;5;7;NA;30;20;1400;1;NA;10;NA;NA;3;NA;NA;1;NA;NA;NA;NA;NA;NA;NA;NA
R_3j7KtTBgh1MyOL1;fdd2020;M;Belgium;841;2;1;7;4;6;2;3;5;5;10;7;29;20;7000;2;NA;NA;NA;42;2;NA;NA;1;NA;NA;NA;NA;NA;NA;NA;NA
R_2OHAQsSRf6DkH0C;fdd2020;F;Belgium;922;2;2;6;4;7;1;5;3;3;7;7;30;10;7000;NA;2;48;NA;NA;1;NA;2;NA;NA;NA;NA;NA;NA;NA;NA;NA
R_1rIa1731AWTGkgm;fdd2020;M;Belgium;740;2;1;7;4;5;3;6;2;5;5;7;29;20;7000;NA;2;24;NA;NA;1;NA;NA;2;NA;NA;NA;NA;NA;NA;NA;NA
R_3npaImMOLjYiTRi;fdd2020;F;Belgium;836;1;1;7;6;5;3;2;4;8;7;1;29;20;7000;NA;2;NA;8;NA;NA;3;1;NA;NA;NA;NA;NA;NA;NA;NA;NA
R_3JaxV5pRCLTtp0e;fdd2020;F;Belgium;1097;1;7;2;1;4;6;3;5;6;5;1;31;10;0;2;NA;NA;NA;60;2;NA;1;NA;NA;NA;NA;NA;NA;NA;NA;NA
R_3exmblTrNDwCz6E;fdd2020;F;Belgium;780;2;1;6;3;5;4;7;2;6;10;1;29;20;7000;NA;1;12;NA;NA;NA;1;NA;1;NA;NA;NA;NA;NA;NA;NA;NA
R_2cbVoymN82cgaDh;fdd2020;M;Belgium;754;1;1;6;4;5;3;7;2;6;9;2;29;10;7000;2;NA;NA;NA;60;3;NA;NA;2;NA;NA;NA;NA;NA;NA;NA;NA
R_RWaLuO3ci4OIUAp;fdd2020;F;Belgium;938;2;1;7;6;5;3;4;2;6;8;2;29;10;5700;2;NA;NA;12;NA;3;NA;1;NA;NA;NA;NA;NA;NA;NA;NA;NA
R_yx3L2keOERq3RE5;fdd2020;M;Belgium;867;2;1;7;4;6;2;5;3;8;5;1;29;20;7000;NA;1;NA;NA;60;3;NA;NA;2;NA;NA;NA;NA;NA;NA;NA;NA
R_0MKZfAU3yjCGYMN;fdd2020;M;Belgium;956;2;1;4;6;7;3;5;2;6;7;7;30;10;7000;NA;2;NA;NA;84;NA;3;NA;2;NA;NA;NA;NA;NA;NA;NA;NA
R_2DSsaWBmRr82a5O;fdd2020;M;Belgium;960;2;1;7;6;4;2;5;3;4;7;7;29;20;7000;NA;1;NA;60;NA;NA;2;2;NA;NA;NA;NA;NA;NA;NA;NA;NA
R_20O6JlFZAgfmbDn;fdd2020;F;Belgium;861;2;1;7;2;4;3;5;6;3;3;8;NA;10;10000;NA;1;NA;NA;4;NA;2;2;NA;NA;NA;NA;NA;NA;NA;NA;NA
R_2qwI8yQBiKY76Fa;fdd2020;F;Belgium;950;2;1;5;4;6;NA;2;3;6;4;2;30;90;0;NA;2;NA;NA;12;3;NA;2;NA;NA;NA;NA;NA;NA;NA;NA;NA
R_1IygmG9oQASsxOf;fdd2020;M;Belgium;1076;2;2;7;4;3;1;6;5;8;3;1;30;10;6000;NA;2;NA;NA;144;1;NA;NA;2;NA;NA;NA;NA;NA;NA;NA;NA
R_QhWUVxr8a5bhxIZ;fdd2020;F;Belgium;961;1;7;1;2;4;5;3;6;6;7;2;30;20;7000;NA;1;NA;48;NA;NA;3;NA;1;NA;NA;NA;NA;NA;NA;NA;NA
R_3PFuyzgtcA9pafS;fdd2020;M;Belgium;1127;2;6;3;1;2;7;5;4;6;5;NA;30;20;10000;NA;1;NA;96;NA;3;NA;2;NA;NA;NA;NA;NA;NA;NA;NA;NA
R_4GhYCSk1ZZg7lxT;fdd2020;M;Belgium;851;2;1;6;5;4;2;7;3;0;3;4;29;20;7000;NA;1;NA;NA;24;2;NA;NA;1;NA;NA;NA;NA;NA;NA;NA;NA
R_1jrMDO1SEv8cNKA;fdd2020;F;Belgium;772;2;1;6;7;3;4;5;2;7;3;2;30;0;10000;NA;1;NA;NA;60;NA;3;NA;2;NA;NA;NA;NA;NA;NA;NA;NA
R_uwfvOS0zEW5DfEJ;fdd2020;F;Belgium;942;2;1;5;6;4;2;7;3;6;7;NA;30;10;3000;NA;1;NA;NA;42;3;NA;NA;1;NA;NA;NA;NA;NA;NA;NA;NA
R_3KGxNOznPZxWBNP;fdd2020;M;Belgium;889;2;1;5;4;6;2;7;3;7;0;10;30;20;7000;NA;1;NA;60;NA;2;NA;NA;1;NA;NA;NA;NA;NA;NA;NA;NA
R_svVTqGyCIYVLEpH;fdd2020;F;Belgium;781;2;1;5;6;7;2;4;3;6;8;1;30;10;10000;NA;1;NA;NA;84;NA;1;1;NA;NA;NA;NA;NA;NA;NA;NA;NA
R_1IH3jjNEoKxEtPj;fdd2020;F;Belgium;1159;2;NA;NA;3;5;4;NA;2;7;7;2;31;20;0;NA;2;NA;36;NA;3;NA;1;NA;NA;NA;NA;NA;NA;NA;NA;NA
R_3DdM9vboqmgc5vs;fdd2020;M;Belgium;865;2;3;6;1;2;4;5;7;5;8;11;29;10;7000;NA;1;48;NA;NA;2;NA;NA;2;NA;NA;NA;NA;NA;NA;NA;NA
R_2s1M5KnkmbSqMjx;fdd2020;F;Belgium;880;1;1;7;6;5;2;3;4;6;6;7;15;10;7000;2;NA;NA;NA;14;NA;3;2;NA;NA;NA;NA;NA;NA;NA;NA;NA
R_2SAZ6t7yCEY8LVB;fdd2020;F;Belgium;1003;2;1;4;2;3;5;6;7;4;7;3;30;10;7000;NA;1;NA;NA;48;1;NA;NA;1;NA;NA;NA;NA;NA;NA;NA;NA
R_DHlVY0NhFTo7fRT;fdd2020;F;Belgium;863;2;7;1;4;2;5;3;6;2;8;3;30;20;7000;NA;1;NA;12;NA;2;NA;1;NA;NA;NA;NA;NA;NA;NA;NA;NA
R_2ZBSt39Mvig9wkL;fdd2020;F;Belgium;870;1;1;6;4;5;3;7;2;5;7;2;33;20;7000;1;NA;NA;24;NA;NA;2;1;NA;NA;NA;NA;NA;NA;NA;NA;NA
R_24fb4ptzpeMQPan;fdd2020;F;Belgium;964;2;1;6;4;5;2;7;3;7;6;2;30;10;7000;1;NA;NA;NA;144;1;NA;NA;2;NA;NA;NA;NA;NA;NA;NA;NA
R_2VmO97aRLV7wxSY;fdd2020;F;Belgium;1074;2;1;7;3;4;2;5;6;3;7;3;30;10;7000;NA;1;24;NA;NA;NA;2;1;NA;NA;NA;NA;NA;NA;NA;NA;NA
R_2Tt7LpsLX47ZQPZ;fdd2020;F;Belgium;1034;2;1;7;6;5;3;4;2;5;7;NA;29;10;7000;1;NA;8;NA;NA;2;NA;NA;2;NA;NA;NA;NA;NA;NA;NA;NA
R_3O6ypvJm7mFpMT6;fdd2020;F;Belgium;916;1;1;7;5;4;3;6;2;4;8;NA;29;0;14000;1;NA;NA;NA;60;NA;3;NA;1;NA;NA;NA;NA;NA;NA;NA;NA
R_2uKyb6f6NaFzI5M;fdd2020;F;Belgium;910;1;1;5;3;7;2;6;4;4;8;8;29;20;7000;NA;2;NA;NA;24;NA;2;1;NA;NA;NA;NA;NA;NA;NA;NA;NA
R_2PnkEVzcGcHg5mM;fdd2020;F;Belgium;904;2;1;7;3;5;4;6;2;7;4;1;30;20;7000;NA;2;NA;NA;36;3;NA;1;NA;NA;NA;NA;NA;NA;NA;NA;NA
R_2sYLamZDQjkMIRn;fdd2020;F;Belgium;910;1;1;4;2;5;6;7;3;3;8;3;15;10;7000;NA;1;NA;72;NA;1;NA;NA;2;NA;NA;NA;NA;NA;NA;NA;NA
R_0wY6NAYPQbEG9wZ;fdd2020;M;Belgium;752;2;1;7;4;5;2;6;3;0;5;4;0;0;0;1;NA;NA;8;NA;NA;2;NA;NA;NA;NA;NA;NA;NA;NA;NA;NA
R_3dTh5scl9qAxpTf;fdd2020;F;Belgium;1109;2;1;7;5;6;4;3;2;6;8;2;30;20;3000;1;NA;10;NA;NA;NA;2;1;NA;NA;NA;NA;NA;NA;NA;NA;NA
R_2CmjK642R1RvF8e;fdd2020;F;Belgium;547;2;6;NA;3;NA;NA;NA;4;7;4;1;30;10;0;NA;2;48;NA;NA;2;NA;NA;2;NA;NA;NA;NA;NA;NA;NA;NA
R_3R1rJvSwgkGU9rB;fdd2020;F;Belgium;958;2;1;6;4;3;7;5;2;3;8;8;15;20;7000;1;NA;24;NA;NA;2;NA;NA;2;NA;NA;NA;NA;NA;NA;NA;NA
R_2eaPuwO1lXIRWTu;fdd2020;M;Belgium;1262;1;1;7;4;3;2;5;6;8;3;NA;29;10;7000;NA;1;NA;NA;168;NA;3;2;NA;NA;NA;NA;NA;NA;NA;NA;NA
R_1lobsCIGhD23sBH;fdd2020;M;Belgium;998;2;1;7;6;4;2;5;3;7;9;2;15;20;6000;2;NA;NA;70;NA;1;NA;1;NA;NA;NA;NA;NA;NA;NA;NA;NA
R_2pSRePIwQDVpcI8;fdd2020;M;Belgium;884;2;2;7;3;5;4;6;1;8;5;1;29;20;0;NA;1;NA;60;NA;1;NA;1;NA;NA;NA;NA;NA;NA;NA;NA;NA
R_3iWJM0I14KCwrsx;fdd2020;F;Belgium;1084;2;1;5;6;4;7;3;2;7;7;7;30;20;14500;NA;1;NA;48;NA;NA;1;NA;2;NA;NA;NA;NA;NA;NA;NA;NA
R_1jNSKXbc6VdxRdG;fdd2020;F;Belgium;1094;2;1;5;4;7;2;6;3;3;7;8;30;0;7000;NA;1;NA;NA;48;1;NA;1;NA;NA;NA;NA;NA;NA;NA;NA;NA
R_2aX3gD2llM9Gm24;fdd2020;F;Belgium;938;2;1;6;7;5;4;3;2;5;4;3;1;10;14000;1;NA;NA;NA;84;NA;2;NA;2;NA;NA;NA;NA;NA;NA;NA;NA
R_3pi3r7zVFSvD9Mq;fdd2020;F;Belgium;1135;2;1;6;5;4;3;7;2;6;5;1;20;20;10;NA;1;24;NA;NA;NA;1;NA;2;NA;NA;NA;NA;NA;NA;NA;NA
R_2Y38aFCGomxo0Kk;fdd2020;F;Belgium;796;2;1;6;5;3;2;7;4;5;5;NA;30;10;6000;NA;1;NA;NA;180;1;NA;1;NA;NA;NA;NA;NA;NA;NA;NA;NA
R_vYoljz0B6asn4Yh;fdd2020;F;Belgium;941;2;1;7;6;5;2;4;3;3;8;8;31;0;0;NA;1;NA;60;NA;NA;2;NA;1;NA;NA;NA;NA;NA;NA;NA;NA
R_3haxCpWQifHtLdq;fdd2020;F;Belgium;910;1;1;7;6;5;3;4;2;6;8;2;30;30;7000;1;NA;NA;NA;60;1;NA;1;NA;NA;NA;NA;NA;NA;NA;NA;NA
R_C4d4kPqrp27wV2x;fdd2020;F;Belgium;1023;2;6;4;7;1;3;2;5;5;3;2;1;20;14000;1;NA;NA;60;NA;NA;1;2;NA;NA;NA;NA;NA;NA;NA;NA;NA
R_sbzMwrUULcxScnf;fdd2020;F;Belgium;927;2;3;5;7;2;1;6;4;2;8;3;0;10;10000;2;NA;NA;24;NA;2;NA;2;NA;NA;NA;NA;NA;NA;NA;NA;NA
R_1CsdVO1VaG35rrX;fdd2020;M;Belgium;1001;2;1;7;4;5;3;6;2;2;7;4;29;20;7000;2;NA;8;NA;NA;1;NA;NA;1;NA;NA;NA;NA;NA;NA;NA;NA
R_1CJ6WoQYViFnRVI;fdd2020;F;Belgium;1027;2;2;7;3;4;6;5;1;4;7;2;30;10;7000;NA;1;NA;NA;48;2;NA;1;NA;NA;NA;NA;NA;NA;NA;NA;NA
R_2UhIwcjFGTSKgRC;fdd2020;F;Belgium;895;2;1;7;6;5;2;4;3;4;5;2;29;10;7000;NA;1;48;NA;NA;1;NA;NA;1;NA;NA;NA;NA;NA;NA;NA;NA
R_77BJzczPtJMYUKJ;fdd2020;F;Belgium;1016;2;1;7;4;3;5;6;2;1;9;3;29;20;7000;NA;1;NA;NA;42;NA;2;NA;1;NA;NA;NA;NA;NA;NA;NA;NA
R_3DcGNum47y5oYXD;fdd2020;F;Belgium;1105;2;1;6;3;7;2;5;4;5;10;NA;29;20;7000;1;NA;NA;24;NA;NA;2;1;NA;NA;NA;NA;NA;NA;NA;NA;NA
R_3PRLC91OkWZHJ5h;fdd2020;F;Belgium;1066;2;4;7;1;5;2;3;6;3;10;3;30;20;10000;1;NA;NA;6;NA;NA;2;2;NA;NA;NA;NA;NA;NA;NA;NA;NA
R_xzLU7wznvUdKsGR;fdd2020;F;Belgium;942;2;6;4;3;1;2;5;7;2;9;2;31;20;6000;NA;2;139;NA;NA;2;NA;NA;2;NA;NA;NA;NA;NA;NA;NA;NA
R_3flSEaBRzdZwkUR;fdd2020;F;Belgium;909;2;1;7;5;3;2;6;4;7;7;1;29;20;6000;2;NA;36;NA;NA;NA;3;1;NA;NA;NA;NA;NA;NA;NA;NA;NA
R_3MzLphgTSMJ6j1G;fdd2020;F;Belgium;1018;1;2;6;7;5;1;4;3;5;5;7;30;10;10000;NA;1;36;NA;NA;1;NA;NA;2;NA;NA;NA;NA;NA;NA;NA;NA
R_eniha9OZcxxbqZH;fdd2020;F;Belgium;1078;1;1;6;4;5;3;7;2;7;4;2;30;30;7000;NA;1;36;NA;NA;NA;1;NA;2;NA;NA;NA;NA;NA;NA;NA;NA
R_3CASdTHtYP3lcGL;fdd2020;F;Belgium;999;2;1;7;3;6;5;4;2;5;8;7;29;20;7000;1;NA;NA;24;NA;1;NA;1;NA;NA;NA;NA;NA;NA;NA;NA;NA
R_2OUwBS73agHw64F;fdd2020;M;Belgium;780;2;1;5;4;6;NA;2;3;7;7;1;30;10;7000;NA;2;NA;36;NA;1;NA;1;NA;NA;NA;NA;NA;NA;NA;NA;NA
R_2TBO4q6nCpwJyXP;fdd2020;F;Belgium;1081;2;1;7;5;4;2;6;3;4;8;7;30;30;7000;1;NA;NA;5;NA;NA;3;NA;2;NA;NA;NA;NA;NA;NA;NA;NA
R_1i8UqXFyHr8dVUS;fdd2020;F;Belgium;978;1;3;7;4;6;5;2;1;4;7;NA;28;20;7000;1;NA;NA;8;NA;1;NA;NA;2;NA;NA;NA;NA;NA;NA;NA;NA
R_2xXYMsTgT4V3Nq0;fdd2020;F;Belgium;1142;2;1;7;5;6;2;4;3;3;7;8;29;10;7000;1;NA;NA;NA;120;2;NA;1;NA;NA;NA;NA;NA;NA;NA;NA;NA
R_2AEyK2FOgtGR2wz;fdd2020;M;Belgium;1020;1;1;7;3;6;2;5;4;7;6;1;0;10;7000;NA;1;86;NA;NA;NA;1;NA;2;NA;NA;NA;NA;NA;NA;NA;NA
R_2TpgZ8ehqqOjxAi;fdd2020;F;Belgium;1110;2;2;7;5;4;3;6;1;8;6;1;29;10;7000;1;NA;14;NA;NA;NA;2;NA;1;NA;NA;NA;NA;NA;NA;NA;NA
R_7Qwu8cOMPePWvrb;fdd2020;M;Belgium;782;2;1;7;5;6;2;4;3;4;8;NA;29;20;7000;1;NA;30;NA;NA;NA;3;1;NA;NA;NA;NA;NA;NA;NA;NA;NA
R_1dElBpbTLHkWKyN;fdd2020;M;Belgium;1163;2;1;7;4;5;2;6;3;6;8;7;29;20;7000;NA;1;NA;NA;204;NA;3;1;NA;NA;NA;NA;NA;NA;NA;NA;NA
R_2Tu67rC5ukEn3u6;fdd2020;M;Belgium;1004;2;1;7;6;4;2;5;3;7;7;1;29;20;7000;1;NA;NA;8;NA;2;NA;NA;1;NA;NA;NA;NA;NA;NA;NA;NA
R_30ufdo40WfnoTqC;fdd2020;F;Belgium;1145;2;1;5;3;6;7;4;2;7;8;2;29;10;6000;1;NA;NA;36;NA;NA;2;2;NA;NA;NA;NA;NA;NA;NA;NA;NA
R_1DSVqlupPntkKNS;fdd2020;M;Belgium;799;2;1;7;5;6;3;4;2;3;10;3;29;20;6000;1;NA;NA;NA;48;2;NA;NA;2;NA;NA;NA;NA;NA;NA;NA;NA
R_OAVYK2uy1xosWw9;fdd2020;F;Belgium;1082;2;2;6;1;3;4;7;5;4;9;7;29;20;7000;1;NA;NA;24;NA;NA;1;NA;1;NA;NA;NA;NA;NA;NA;NA;NA
R_2vkoHXtNlRlBU4z;fdd2020;F;Belgium;988;2;1;7;4;6;2;5;3;5;2;NA;30;0;10000;1;NA;6;NA;NA;NA;3;2;NA;NA;NA;NA;NA;NA;NA;NA;NA
R_1LSfrlfLpKIJ8yR;fdd2020;F;Belgium;1085;1;3;5;1;2;7;6;4;6;8;2;29;10;7000;NA;1;12;NA;NA;1;NA;NA;2;NA;NA;NA;NA;NA;NA;NA;NA
R_RJoR5Kh3XhfgiU9;fdd2020;F;Belgium;977;1;6;3;4;2;7;1;5;5;8;7;29;20;7000;NA;1;NA;6;NA;3;NA;NA;2;NA;NA;NA;NA;NA;NA;NA;NA
R_2WP5eQRs7ur2AHl;fdd2020;M;Belgium;1212;2;1;4;5;7;3;6;2;7;6;NA;30;10;7000;2;NA;NA;NA;24;NA;1;2;NA;NA;NA;NA;NA;NA;NA;NA;NA
R_1ePPNpclBHapF5W;fdd2020;F;Belgium;1066;1;1;7;4;5;3;6;2;7;8;1;1;10;0;NA;1;NA;NA;120;1;NA;NA;2;NA;NA;NA;NA;NA;NA;NA;NA
R_2q8k8GtE35LYjzZ;fdd2020;M;Belgium;959;2;1;7;5;4;2;6;3;4;10;8;29;20;7000;NA;1;NA;NA;144;NA;2;1;NA;NA;NA;NA;NA;NA;NA;NA;NA
R_1oz5runcgtUBAes;fdd2020;F;Belgium;1097;2;1;6;2;3;NA;4;5;6;6;NA;31;20;7000;1;NA;NA;60;NA;NA;3;1;NA;NA;NA;NA;NA;NA;NA;NA;NA
R_3megpvWtO1fCrv8;fdd2020;F;Belgium;1156;2;1;7;6;2;5;4;3;3;NA;NA;30;20;10000;NA;2;48;NA;NA;NA;2;NA;1;NA;NA;NA;NA;NA;NA;NA;NA
R_2cbkZ6G0iUVflTm;fdd2020;F;Belgium;1303;1;1;7;4;5;3;6;2;6;8;2;29;20;7000;2;NA;24;NA;NA;NA;2;NA;2;NA;NA;NA;NA;NA;NA;NA;NA
R_1eFw9Nu3wpwzRjG;fdd2020;F;Belgium;1136;2;1;7;2;4;5;6;3;4;10;NA;29;20;7000;1;NA;12;NA;NA;1;NA;1;NA;NA;NA;NA;NA;NA;NA;NA;NA
R_3qvxpGMpzRoU9c1;fdd2020;F;Belgium;1104;2;1;6;3;7;5;4;2;3;8;8;15;10;0;1;NA;120;NA;NA;2;NA;NA;1;NA;NA;NA;NA;NA;NA;NA;NA
R_9SvKAAucGRxLW0h;fdd2020;F;Belgium;1200;2;1;5;6;4;3;7;2;NA;NA;NA;29;20;7;NA;1;NA;NA;60;NA;3;1;NA;NA;NA;NA;NA;NA;NA;NA;NA
R_3Kwlt0Z82Si0XtD;fdd2020;F;Belgium;1227;2;2;7;NA;4;1;6;3;6;7;7;30;10;6000;NA;1;NA;60;NA;NA;3;1;NA;NA;NA;NA;NA;NA;NA;NA;NA
R_337hT9MnqOeessd;fdd2020;F;Belgium;1795;2;1;4;2;3;7;5;6;6;5;1;0;10;3000;NA;1;NA;36;NA;NA;1;NA;1;NA;NA;NA;NA;NA;NA;NA;NA
R_1otpT1Q0ZQwaAo8;fdd2020;F;Belgium;1202;2;7;4;2;1;5;3;6;7;8;2;29;0;7000;1;NA;NA;NA;50;NA;1;2;NA;NA;NA;NA;NA;NA;NA;NA;NA
R_SBJ3j9apYO7ooO5;fdd2020;F;Belgium;1157;2;6;4;2;3;5;1;7;3;8;2;29;10;7000;NA;1;NA;NA;48;1;NA;2;NA;NA;NA;NA;NA;NA;NA;NA;NA
R_22V3CsRxo8jbSOo;fdd2020;F;Belgium;1185;2;1;6;3;5;2;7;4;6;7;2;30;10;10000;2;NA;NA;36;NA;1;NA;NA;1;NA;NA;NA;NA;NA;NA;NA;NA
R_3dFyHHZOxP1okct;fdd2020;F;Belgium;1227;2;1;6;5;2;3;NA;4;4;6;3;30;10;7000;NA;1;NA;36;NA;NA;1;1;NA;NA;NA;NA;NA;NA;NA;NA;NA
R_ZE7Kvst4Vbw6TZv;fdd2020;M;Belgium;912;1;1;7;5;4;3;6;2;7;5;7;30;20;6000;1;NA;36;NA;NA;2;NA;1;NA;NA;NA;NA;NA;NA;NA;NA;NA
R_3DdrEsTw37AKifS;fdd2020;F;Belgium;1258;1;1;6;3;4;2;7;5;7;7;1;29;20;7000;NA;1;48;NA;NA;NA;2;NA;2;NA;NA;NA;NA;NA;NA;NA;NA
R_xzQEDGO0rHfw2tj;fdd2020;M;Belgium;1096;2;7;1;2;3;5;4;6;8;6;1;0;20;14000;1;NA;NA;NA;48;NA;1;NA;NA;NA;NA;NA;NA;NA;NA;NA;NA
R_2AXqjBXlxjUMrBT;fdd2020;F;Belgium;1083;2;NA;5;2;NA;NA;4;3;7;5;1;30;20;3000;NA;1;NA;NA;204;NA;3;2;NA;NA;NA;NA;NA;NA;NA;NA;NA
R_3GwkdSSreJrlnHl;fdd2020;F;Belgium;743;2;1;6;7;4;2;5;3;7;7;2;15;20;7000;2;NA;30;NA;NA;3;NA;NA;1;NA;NA;NA;NA;NA;NA;NA;NA
R_emp8nY0THnvm8jn;fdd2020;F;Belgium;1403;2;2;6;3;4;7;5;1;6;5;2;29;20;7000;NA;1;NA;NA;55;2;NA;NA;2;NA;NA;NA;NA;NA;NA;NA;NA
R_1Hoakq0KGEnihgP;fdd2020;F;Belgium;1169;2;1;5;3;6;2;7;4;5;8;2;29;20;7000;NA;1;NA;NA;72;3;NA;NA;1;NA;NA;NA;NA;NA;NA;NA;NA
R_3M4mH7N8aQDaEva;fdd2020;F;Belgium;1124;2;1;7;5;6;2;4;3;6;4;1;29;20;7000;2;NA;NA;NA;96;1;NA;1;NA;NA;NA;NA;NA;NA;NA;NA;NA
R_3e46bGBhKt3cjww;fdd2020;M;Belgium;1074;2;1;7;5;6;3;4;2;4;10;2;1;20;7000;NA;1;10;NA;NA;1;NA;NA;2;NA;NA;NA;NA;NA;NA;NA;NA
R_C1huQX84HOSvo0F;fdd2020;F;Belgium;1083;2;1;5;6;4;3;7;2;4;9;2;0;20;7000;NA;1;12;NA;NA;1;NA;NA;1;NA;NA;NA;NA;NA;NA;NA;NA
R_pQL2avIrN3u4ufT;fdd2020;F;Belgium;1397;1;2;7;3;5;1;6;4;6;3;7;29;10;12900;2;NA;NA;NA;57;NA;3;2;NA;NA;NA;NA;NA;NA;NA;NA;NA
R_23fb9ars3S9KLkk;fdd2020;M;Belgium;1086;2;1;NA;4;3;NA;5;NA;8;7;1;1;20;7000;2;NA;NA;NA;85;2;NA;NA;1;NA;NA;NA;NA;NA;NA;NA;NA
R_2X57GdghAj2UXko;fdd2020;F;Belgium;1418;2;4;3;1;2;7;6;5;5;8;NA;15;20;7000;1;NA;24;NA;NA;NA;1;NA;1;NA;NA;NA;NA;NA;NA;NA;NA
R_3M3xnQW5vRropGb;fdd2020;M;Belgium;1088;2;2;6;5;4;3;7;1;7;9;1;29;20;7000;NA;1;NA;30;NA;1;NA;1;NA;NA;NA;NA;NA;NA;NA;NA;NA
R_2DZXi1tNyfvUOca;fdd2020;F;Belgium;1125;2;1;6;5;3;4;7;2;7;5;NA;29;20;10000;2;NA;NA;24;NA;NA;2;1;NA;NA;NA;NA;NA;NA;NA;NA;NA
R_2awrHhMRyLy9hPO;fdd2020;F;Belgium;1138;2;1;7;6;3;4;5;2;5;5;2;29;10;7000;2;NA;NA;NA;66;3;NA;1;NA;NA;NA;NA;NA;NA;NA;NA;NA
R_AsPmJcevHkh0hCF;fdd2020;NA;Belgium;1097;NA;1;7;6;5;3;4;2;8;6;1;29;20;7000;1;NA;102;NA;NA;1;NA;NA;1;NA;NA;NA;NA;NA;NA;NA;NA
R_2EofJRxf2fgIule;fdd2020;M;Belgium;359;2;1;7;4;5;2;6;3;6;8;1;29;20;7000;2;NA;NA;NA;120;NA;2;NA;2;NA;NA;NA;NA;NA;NA;NA;NA
R_1gk06uib20cswcc;fdd2020;F;Belgium;1260;2;1;7;6;3;5;4;2;3;7;8;29;20;7000;1;NA;84;NA;NA;1;NA;1;NA;NA;NA;NA;NA;NA;NA;NA;NA
R_3RsZ54n3YBEkApU;fdd2020;F;Belgium;1144;2;2;7;6;4;1;5;3;NA;7;NA;0;0;7000;2;NA;24;NA;NA;1;NA;1;NA;NA;NA;NA;NA;NA;NA;NA;NA
R_3k54F55EjUy6uhD;fdd2020;F;Belgium;1227;1;1;6;4;5;3;7;2;6;8;NA;29;0;7000;2;NA;NA;NA;48;1;NA;1;NA;NA;NA;NA;NA;NA;NA;NA;NA
R_25vmvgL0oTc5gZX;fdd2020;F;Belgium;1019;2;1;6;5;4;2;NA;3;5;8;NA;30;20;0;2;NA;120;NA;NA;NA;2;NA;1;NA;NA;NA;NA;NA;NA;NA;NA
R_1jE6pVJQxTLgzmw;fdd2020;F;Belgium;1255;2;1;7;5;4;2;6;3;4;8;3;29;20;7000;NA;1;18;NA;NA;1;NA;NA;2;NA;NA;NA;NA;NA;NA;NA;NA
R_3G7VLAKECqHxBqx;fdd2020;F;Belgium;1519;2;3;4;2;1;6;7;5;5;6;NA;31;10;7000;1;NA;36;NA;NA;NA;NA;2;NA;NA;NA;NA;NA;NA;NA;NA;NA
R_23f9UTzqkGkE2j2;fdd2020;M;Belgium;1187;2;1;4;NA;6;3;7;2;8;5;1;30;30;7000;1;NA;NA;NA;100;1;NA;NA;1;NA;NA;NA;NA;NA;NA;NA;NA
R_33pZvPzt0YyMd1W;fdd2020;F;Belgium;1311;2;1;4;3;7;5;6;2;7;6;1;30;30;6000;NA;1;72;NA;NA;2;NA;NA;2;NA;NA;NA;NA;NA;NA;NA;NA
R_1CKpqyXHT4sUirt;fdd2020;F;Belgium;1311;2;1;7;5;6;2;4;3;4;9;7;30;20;7000;NA;1;NA;15;NA;NA;2;1;NA;NA;NA;NA;NA;NA;NA;NA;NA
R_1GHLELvivb4HTjq;fdd2020;F;Belgium;1339;2;1;7;3;4;6;5;2;7;6;7;30;20;7000;NA;1;NA;24;NA;1;NA;NA;2;NA;NA;NA;NA;NA;NA;NA;NA
R_ZespW8tEmFX2vgl;fdd2020;F;Belgium;1382;2;1;6;4;2;7;5;3;5;5;NA;1;10;7000;NA;1;120;NA;NA;NA;1;NA;2;NA;NA;NA;NA;NA;NA;NA;NA
R_3I6kXGj2eLbmQbx;fdd2020;F;Belgium;1300;2;7;3;4;5;6;1;2;7;6;1;30;20;7000;1;NA;72;NA;NA;3;NA;1;NA;NA;NA;NA;NA;NA;NA;NA;NA
R_bsgPtVgk7f4wwAp;fdd2020;F;Belgium;1557;2;1;7;6;5;3;4;2;6;8;7;30;20;14000;2;NA;NA;36;NA;NA;2;2;NA;NA;NA;NA;NA;NA;NA;NA;NA
R_2fp832XVB1r7IuT;fdd2020;F;Belgium;1232;1;1;7;4;5;6;3;2;6;8;1;29;10;7000;NA;1;NA;NA;72;2;NA;1;NA;NA;NA;NA;NA;NA;NA;NA;NA
R_3RxbDD01yVbRcXb;fdd2020;M;Belgium;1396;2;2;6;3;4;1;7;5;8;3;1;30;10;7000;2;NA;35;NA;NA;1;NA;1;NA;NA;NA;NA;NA;NA;NA;NA;NA
R_270ToF9tsZxJMD5;fdd2020;F;Belgium;1373;2;1;7;6;3;2;5;4;4;7;3;29;20;7000;1;NA;NA;30;NA;1;NA;NA;2;NA;NA;NA;NA;NA;NA;NA;NA
R_1LnyNu6usK1HfD0;fdd2020;F;Belgium;1081;2;1;7;4;5;3;6;2;5;8;7;29;20;70000;NA;1;NA;NA;60;NA;3;NA;1;NA;NA;NA;NA;NA;NA;NA;NA
R_2U4qCOqxC76ZmTa;fdd2020;F;Belgium;1368;1;1;4;3;7;2;5;6;8;4;NA;15;20;7000;2;NA;NA;30;NA;NA;1;NA;1;NA;NA;NA;NA;NA;NA;NA;NA
R_7PcL5qZ9eTlHZXr;fdd2020;M;Belgium;1518;2;1;6;5;7;2;4;3;6;4;2;15;10;0;NA;1;NA;NA;48;NA;3;NA;1;NA;NA;NA;NA;NA;NA;NA;NA
R_e2kSFfYXdAri3kJ;fdd2020;F;Belgium;1344;2;1;5;6;3;2;7;4;7;5;1;30;10;5333;NA;1;NA;30;NA;NA;3;1;NA;NA;NA;NA;NA;NA;NA;NA;NA
R_9KoXbWnlgpB2GOd;fdd2020;F;Belgium;1457;2;1;7;6;NA;4;NA;3;3;NA;NA;29;20;0;NA;2;48;NA;NA;2;NA;1;NA;NA;NA;NA;NA;NA;NA;NA;NA
R_2riMH8CcohLE6Jo;fdd2020;F;Belgium;1639;2;1;7;5;6;2;3;4;9;5;9;0;10;0;NA;1;NA;100;NA;NA;1;NA;1;NA;NA;NA;NA;NA;NA;NA;NA
R_1er7bIwwYFrXD5R;fdd2020;F;Belgium;1099;2;7;2;1;5;6;3;4;7;8;1;NA;20;7000;2;NA;NA;NA;108;1;NA;NA;1;NA;NA;NA;NA;NA;NA;NA;NA
R_pMo2roGNNn75jRD;fdd2020;F;Belgium;1512;2;6;2;3;1;7;4;5;6;9;2;29;20;7000;NA;2;NA;18;NA;NA;3;1;NA;NA;NA;NA;NA;NA;NA;NA;NA
R_1hMPQNgZ3FOzes3;fdd2020;M;Belgium;58;2;5;NA;NA;NA;NA;NA;NA;NA;NA;NA;0;0;0;NA;NA;0;NA;NA;NA;NA;NA;NA;NA;NA;NA;NA;NA;NA;NA;NA
R_3OlG8dDrZsgk9pD;fdd2020;F;Belgium;1552;2;1;7;4;5;2;6;3;5;9;3;30;20;6000;2;NA;36;NA;NA;NA;1;NA;2;NA;NA;NA;NA;NA;NA;NA;NA
R_2ceJzkXP31TrZhT;fdd2020;M;Belgium;1510;2;1;7;6;3;4;NA;5;6;6;NA;20;20;3000;NA;2;24;NA;NA;2;NA;1;NA;NA;NA;NA;NA;NA;NA;NA;NA
R_3J7ZKp6gozamVlc;fdd2020;F;Belgium;1523;2;2;7;6;3;4;5;1;5;9;NA;30;20;10000;NA;1;NA;7;NA;NA;3;NA;2;NA;NA;NA;NA;NA;NA;NA;NA
R_269jBhOX5sRUTV3;fdd2020;F;Belgium;1402;1;1;6;5;7;2;3;4;7;5;2;30;0;0;NA;1;NA;NA;4;3;NA;1;NA;NA;NA;NA;NA;NA;NA;NA;NA
R_2RXj0TnU95Yac0k;fdd2020;F;Belgium;1381;1;1;6;5;7;2;3;4;7;5;2;30;0;0;NA;1;NA;NA;4;NA;3;1;NA;NA;NA;NA;NA;NA;NA;NA;NA
R_2UaRT8Pi1rz0Qa8;fdd2020;F;Belgium;1131;2;1;6;5;7;2;3;4;7;5;2;30;0;0;1;NA;4;NA;NA;3;NA;NA;2;NA;NA;NA;NA;NA;NA;NA;NA
R_XRh1sAA2GRQX2BH;fdd2020;M;Belgium;1622;2;1;6;4;7;2;5;3;5;7;11;29;20;7000;NA;1;NA;48;NA;1;NA;NA;1;NA;NA;NA;NA;NA;NA;NA;NA
R_2z77VEzXTmOJZ2U;fdd2020;F;Belgium;1546;1;1;6;3;5;4;7;2;2;8;3;1;20;7000;NA;1;NA;6;NA;NA;1;1;NA;NA;NA;NA;NA;NA;NA;NA;NA
R_3hhlhXbTGQyQqDD;fdd2020;M;Belgium;1270;2;1;7;6;4;2;5;3;4;9;3;29;20;6000;1;NA;NA;NA;42;1;NA;NA;2;NA;NA;NA;NA;NA;NA;NA;NA
R_3GiAXRfUXX3bP5q;fdd2020;F;Belgium;1550;2;5;NA;NA;NA;4;1;3;5;6;2;29;0;10000;1;NA;NA;14;NA;NA;2;1;NA;NA;NA;NA;NA;NA;NA;NA;NA
R_0ldVnaOTRF7fC9j;fdd2020;F;Belgium;1728;2;1;5;6;7;3;4;2;7;6;2;15;20;7000;1;NA;36;NA;NA;1;NA;NA;2;NA;NA;NA;NA;NA;NA;NA;NA
R_2cjvcz5okeFTAJx;fdd2020;NA;NA;1618;NA;1;6;7;4;2;5;3;7;5;NA;29;10;7000;1;NA;NA;NA;30;1;NA;NA;1;NA;NA;NA;NA;NA;NA;NA;NA
R_28Fz7Nkjj06kWjk;fdd2020;F;Belgium;597;2;1;5;4;3;2;6;7;3;7;2;30;20;14000;1;NA;NA;36;NA;NA;2;NA;2;NA;NA;NA;NA;NA;NA;NA;NA
R_cA6CNfEnO799lMl;fdd2020;F;Belgium;1501;2;1;7;5;4;3;6;2;2;8;3;29;10;7000;NA;2;16;NA;NA;NA;3;1;NA;NA;NA;NA;NA;NA;NA;NA;NA
R_1jxDV0pZBhFc3xv;fdd2020;F;Belgium;2192;2;7;NA;4;NA;5;2;6;8;2;1;15;0;7000;NA;1;NA;NA;120;3;NA;2;NA;NA;NA;NA;NA;NA;NA;NA;NA
R_2CpFZE57L9jM8x3;fdd2020;F;Belgium;2274;2;1;7;6;4;2;3;5;3;7;8;30;20;3000;1;NA;NA;30;NA;NA;2;NA;2;NA;NA;NA;NA;NA;NA;NA;NA
R_b91f14qtlvDGTrb;fdd2020;M;Belgium;1782;2;1;6;5;4;3;NA;2;3;9;NA;30;0;7000;2;NA;48;NA;NA;NA;2;1;NA;NA;NA;NA;NA;NA;NA;NA;NA
R_0NG9c8J91nk6X6x;fdd2020;F;Belgium;1262;2;1;5;4;6;3;7;2;1;9;3;30;0;10000;NA;1;16;NA;NA;NA;2;NA;2;NA;NA;NA;NA;NA;NA;NA;NA
R_3L6njw6dlpu5VwC;fdd2020;F;Belgium;2336;2;1;7;6;2;3;5;4;4;4;2;15;20;7000;1;NA;NA;9;NA;3;NA;1;NA;NA;NA;NA;NA;NA;NA;NA;NA
R_ZETMuq3jbGmaqNr;fdd2020;F;Belgium;1162;2;1;7;6;2;3;4;5;2;10;NA;30;0;7;1;NA;NA;NA;120;NA;2;NA;1;NA;NA;NA;NA;NA;NA;NA;NA
R_1kXOWd0jpXDaycG;fdd2020;M;Belgium;1448;2;1;7;5;6;3;4;2;7;6;1;29;20;7000;1;NA;18;NA;NA;1;NA;1;NA;NA;NA;NA;NA;NA;NA;NA;NA
R_2CDpGb0UcZidEIS;fdd2020;M;Belgium;782;2;1;5;6;2;3;7;4;6;8;2;29;10;7000;NA;1;NA;36;NA;NA;2;NA;2;NA;NA;NA;NA;NA;NA;NA;NA
R_3PGDP6P8O3eHh1y;fdd2020;M;Belgium;1382;2;1;7;6;5;2;3;4;5;7;NA;29;20;7000;NA;2;NA;NA;12;1;NA;1;NA;NA;NA;NA;NA;NA;NA;NA;NA
R_22CXhYYb0J3Dpla;fdd2020;M;Belgium;807;2;2;6;1;7;3;5;4;6;8;2;29;20;7000;1;NA;NA;32;NA;NA;2;NA;2;NA;NA;NA;NA;NA;NA;NA;NA
R_3PdG20L8dqbn57X;fdd2020;M;Belgium;557;2;1;7;6;4;3;5;2;6;4;7;31;20;7000;1;NA;24;NA;NA;NA;3;1;NA;NA;NA;NA;NA;NA;NA;NA;NA
R_cLOgPNS7MLoaca5;fdd2020;M;Belgium;10464;2;1;4;2;NA;3;6;5;5;8;2;29;10;7000;NA;2;NA;NA;50;2;NA;2;NA;NA;NA;NA;NA;NA;NA;NA;NA
R_3oGtIhMpNs0T8hq;fdd2020;F;Belgium;809;2;1;5;6;4;3;7;2;3;1;8;30;10;7000;NA;1;NA;NA;30;1;NA;NA;2;NA;NA;NA;NA;NA;NA;NA;NA
R_3frWE5zpaootZIM;fdd2020;M;Belgium;1379;2;1;6;7;5;2;4;3;8;7;1;29;20;7000;1;NA;NA;48;NA;1;NA;NA;1;NA;NA;NA;NA;NA;NA;NA;NA
R_x3O0CGdmcsEVmAF;fdd2020;F;Belgium;1143;1;1;7;3;6;2;5;4;6;8;2;30;20;14000;NA;1;84;NA;NA;NA;1;2;NA;NA;NA;NA;NA;NA;NA;NA;NA
R_RKphxj0eUK5nvtn;fdd2020;M;Belgium;769;2;2;6;4;5;3;7;1;1;7;NA;29;20;7000;1;NA;18;NA;NA;1;NA;NA;1;NA;NA;NA;NA;NA;NA;NA;NA
R_1MQff40kEO0xY5z;fdd2020;F;Belgium;168;2;2;6;4;5;3;7;1;1;5;3;29;20;7000;1;NA;NA;8;NA;NA;1;1;NA;NA;NA;NA;NA;NA;NA;NA;NA
R_3fjWcjU8iqYFNZH;fdd2020;F;Belgium;30952;2;1;7;3;4;2;5;6;8;1;1;29;0;7000;1;NA;NA;NA;73;NA;1;NA;2;NA;NA;NA;NA;NA;NA;NA;NA
R_3dJHMtsffVeabWh;fdd2020;F;Belgium;88122;2;1;7;5;4;2;6;3;7;6;NA;30;20;7000;NA;2;NA;NA;24;3;NA;2;NA;NA;NA;NA;NA;NA;NA;NA;NA
R_OfiLxFh18iGkRyx;fdd2020;F;Belgium;941;2;7;2;4;1;3;5;6;5;8;NA;30;0;7000;1;NA;NA;36;NA;NA;1;1;NA;NA;NA;NA;NA;NA;NA;NA;NA
R_2VmgVqDz8fOxphG;fdd2020;M;Belgium;1125;1;1;7;4;5;2;6;3;4;7;7;29;20;7000;NA;1;24;NA;NA;1;NA;NA;1;NA;NA;NA;NA;NA;NA;NA;NA
R_2Ei433YWrnpKb1b;fdd2020;M;Belgium;13415;2;7;1;3;5;2;4;6;8;5;1;29;10;7000;1;NA;144;NA;NA;2;NA;2;NA;NA;NA;NA;NA;NA;NA;NA;NA
R_3sjegQqer9wJwi6;fdd2020;F;Belgium;648;2;1;7;6;5;4;3;2;5;9;2;30;20;7000;NA;1;NA;NA;84;NA;2;NA;2;NA;NA;NA;NA;NA;NA;NA;NA
R_cYiDfNom8MdBsXf;fdd2020;M;Belgium;2145;2;1;7;6;3;2;5;4;NA;NA;NA;0;10;7000;2;NA;NA;24;NA;NA;NA;NA;2;NA;NA;NA;NA;NA;NA;NA;NA
R_2YV6yNUCHnXYfnN;fdd2020;F;Belgium;864;1;1;7;6;2;5;3;4;7;10;2;1;20;1400;NA;1;NA;6;NA;NA;1;1;NA;NA;NA;NA;NA;NA;NA;NA;NA
R_10qKtBq1xZCZTzQ;fdd2020;F;Belgium;925;2;7;1;3;4;6;5;2;7;7;1;NA;20;14000;NA;1;NA;NA;18;3;NA;1;NA;NA;NA;NA;NA;NA;NA;NA;NA
R_24IXROWJY6u1RKL;fdd2020;F;Belgium;898;2;1;6;4;5;2;7;3;2;8;8;29;0;7000;1;NA;144;NA;NA;NA;2;NA;2;NA;NA;NA;NA;NA;NA;NA;NA
R_3oGwPwdEdu4mP3x;fdd2020;F;Belgium;857;2;1;6;7;5;2;4;3;5;8;7;31;20;7000;1;NA;NA;48;NA;NA;2;1;NA;NA;NA;NA;NA;NA;NA;NA;NA
R_r1m37hxMwwIJeIV;fdd2020;M;Belgium;1146;2;1;5;2;6;4;7;3;6;5;1;29;10;5000;NA;1;NA;NA;60;2;NA;NA;2;NA;NA;NA;NA;NA;NA;NA;NA
R_2VKj2IveE4DSWeY;fdd2020;F;Belgium;509630;2;7;2;NA;4;NA;NA;5;4;7;2;30;20;10000;NA;1;36;NA;NA;NA;2;NA;2;NA;NA;NA;NA;NA;NA;NA;NA
R_3HmYXGpe2tjglKq;fdd2020;NA;NA;49;NA;NA;NA;NA;NA;NA;NA;NA;NA;NA;NA;NA;NA;NA;NA;NA;NA;NA;NA;NA;NA;NA;NA;NA;NA;NA;NA;NA;NA;NA;NA
R_3phSeFqft4CqwMX;fdd2020;F;Belgium;432;2;1;7;NA;4;3;5;6;7;6;1;29;20;10000;1;NA;48;NA;NA;1;NA;1;NA;NA;NA;NA;NA;NA;NA;NA;NA
R_331rwtwzGpPtTGb;fdd2020;NA;NA;333;NA;NA;NA;NA;NA;NA;NA;NA;NA;NA;NA;0;0;0;NA;NA;NA;NA;0;NA;NA;NA;NA;NA;NA;NA;NA;NA;NA;NA;NA
R_2ebsMyrDrKzDtZ5;fdd2020;F;Belgium;757;2;2;6;4;5;3;7;1;5;8;2;29;20;6000;NA;1;NA;15;NA;1;NA;1;NA;NA;NA;NA;NA;NA;NA;NA;NA
R_2S7uZdaxNWICxKg;fdd2020;M;Belgium;224;2;6;7;4;5;1;3;2;7;6;1;30;20;0;NA;1;0;NA;NA;NA;NA;NA;NA;NA;NA;NA;NA;NA;NA;NA;NA
R_3maa0V0akb9PJIm;fdd2020;M;Belgium;673;2;1;7;2;3;4;5;6;7;8;2;30;0;7000;1;NA;NA;96;NA;NA;2;1;NA;NA;NA;NA;NA;NA;NA;NA;NA
R_1gFvD6liIQU7Dow;fdd2020;M;Belgium;85;2;NA;NA;NA;NA;NA;NA;NA;NA;NA;NA;NA;NA;NA;NA;NA;NA;NA;NA;NA;NA;NA;NA;NA;NA;NA;NA;NA;NA;NA;NA
R_BWGu4RIH7coKz0l;fdd2020;F;Belgium;76;2;7;2;3;4;6;1;5;NA;NA;NA;NA;NA;NA;NA;NA;NA;NA;NA;NA;NA;NA;NA;NA;NA;NA;NA;NA;NA;NA;NA
R_37CEd4mx38yBpMR;fdd2020;NA;NA;17;NA;NA;NA;NA;NA;NA;NA;NA;NA;NA;NA;NA;NA;NA;NA;NA;NA;NA;NA;NA;NA;NA;NA;NA;NA;NA;NA;NA;NA;NA;NA
R_111K7UUe53vLO0z;fdd2020;F;Belgium;127;1;NA;NA;NA;NA;NA;NA;NA;NA;NA;NA;NA;NA;NA;NA;NA;NA;NA;NA;NA;NA;NA;NA;NA;NA;NA;NA;NA;NA;NA;NA
R_1cTfFFL5IuMIEOU;fdd2020;NA;NA;17;NA;NA;NA;NA;NA;NA;NA;NA;NA;NA;NA;NA;NA;NA;NA;NA;NA;NA;NA;NA;NA;NA;NA;NA;NA;NA;NA;NA;NA;NA;NA
R_2WAc2vX51NEKtut;fdd2020;NA;NA;6;NA;NA;NA;NA;NA;NA;NA;NA;NA;NA;NA;NA;NA;NA;NA;NA;NA;NA;NA;NA;NA;NA;NA;NA;NA;NA;NA;NA;NA;NA;NA
R_XHRtERmA2O19gSl;fdd2020;NA;NA;8;NA;NA;NA;NA;NA;NA;NA;NA;NA;NA;NA;NA;NA;NA;NA;NA;NA;NA;NA;NA;NA;NA;NA;NA;NA;NA;NA;NA;NA;NA;NA
R_240CSE1Rkzwx6xK;fdd2020;F;Belgium;368;2;1;7;5;4;3;6;2;6;7;1;NA;NA;NA;NA;NA;NA;NA;NA;NA;NA;NA;NA;NA;NA;NA;NA;NA;NA;NA;NA
R_2rk1OX2Y6hGbrCB;fdd2020;M;Belgium;965;2;7;NA;5;NA;NA;2;4;6;8;1;29;30;7000;2;NA;NA;NA;NA;NA;NA;NA;NA;NA;NA;NA;NA;NA;NA;NA;NA
R_3fPFiLmqlRUoYZt;fdd2020;NA;NA;6;NA;NA;NA;NA;NA;NA;NA;NA;NA;NA;NA;NA;NA;NA;NA;NA;NA;NA;NA;NA;NA;NA;NA;NA;NA;NA;NA;NA;NA;NA;NA
R_72mdZNgiHoz5Qo9;fdd2020;NA;NA;45;NA;NA;NA;NA;NA;NA;NA;NA;NA;NA;NA;NA;NA;NA;NA;NA;NA;NA;NA;NA;NA;NA;NA;NA;NA;NA;NA;NA;NA;NA;NA
R_3NWXWzWCmPpW8lS;fdd2020;NA;NA;620;NA;NA;NA;NA;NA;NA;NA;NA;NA;NA;NA;NA;NA;NA;NA;NA;NA;NA;NA;NA;NA;NA;NA;NA;NA;NA;NA;NA;NA;NA;NA
R_1IuxPbnq0mh7mRu;fdd2020;F;Belgium;435;1;1;4;6;7;5;3;2;8;9;2;30;80;0;NA;1;NA;0;NA;NA;NA;NA;NA;NA;NA;NA;NA;NA;NA;NA;NA
R_vcYNRGb1mYZYVWh;fdd2020;NA;NA;24;NA;NA;NA;NA;NA;NA;NA;NA;NA;NA;NA;NA;NA;NA;NA;NA;NA;NA;NA;NA;NA;NA;NA;NA;NA;NA;NA;NA;NA;NA;NA
R_3Rpv1MVfBxVz5YZ;fdd2020;M;Belgium;3999;2;NA;NA;NA;NA;NA;NA;NA;NA;NA;NA;NA;NA;NA;NA;NA;NA;NA;NA;NA;NA;NA;NA;NA;NA;NA;NA;NA;NA;NA;NA
R_3esDxV23nUzyxS1;fdd2020;F;Belgium;162;2;1;6;4;7;5;2;3;3;9;3;15;NA;NA;NA;NA;NA;NA;NA;NA;NA;NA;NA;NA;NA;NA;NA;NA;NA;NA;NA
R_afar5iLNZshmHFT;fdd2020;NA;NA;63;NA;NA;NA;NA;NA;NA;NA;NA;NA;NA;NA;NA;NA;NA;NA;NA;NA;NA;NA;NA;NA;NA;NA;NA;NA;NA;NA;NA;NA;NA;NA
R_3OcrTKbHE5SdUTx;fdd2020;NA;NA;4;NA;NA;NA;NA;NA;NA;NA;NA;NA;NA;NA;NA;NA;NA;NA;NA;NA;NA;NA;NA;NA;NA;NA;NA;NA;NA;NA;NA;NA;NA;NA
R_2U0h8xrPUMFtSPQ;fdd2020;M;Belgium;19669;2;3;6;4;1;2;5;7;8;0;9;NA;NA;7000;NA;NA;NA;NA;NA;NA;NA;NA;NA;NA;NA;NA;NA;NA;NA;NA;NA
R_3Etk2zn8iwzEqZh;fdd2020;F;Belgium;21037;1;1;7;3;5;4;6;2;5;7;7;29;10;7000;NA;NA;NA;NA;NA;NA;NA;NA;NA;NA;NA;NA;NA;NA;NA;NA;NA
R_2xzQM72ZrruBq89;fdd2020;F;Belgium;578;2;7;1;5;3;6;2;4;7;7;2;15;10;5333;2;NA;NA;NA;30;NA;3;NA;1;NA;NA;NA;NA;NA;NA;NA;NA
R_afrWcfCIyQz6BAB;fdd2020;F;Belgium;37;2;NA;NA;NA;NA;NA;NA;NA;NA;NA;NA;NA;NA;NA;NA;NA;NA;NA;NA;NA;NA;NA;NA;NA;NA;NA;NA;NA;NA;NA;NA
R_DHUXwI6G2kExmrn;fdd2020;NA;NA;26;NA;NA;NA;NA;NA;NA;NA;NA;NA;NA;NA;NA;NA;NA;NA;NA;NA;NA;NA;NA;NA;NA;NA;NA;NA;NA;NA;NA;NA;NA;NA
R_3KDPLhMb5H6ZWLh;fdd2020;F;Belgium;209898;2;1;7;5;3;2;6;4;5;8;2;30;20;7000;2;NA;NA;15;NA;NA;NA;NA;NA;NA;NA;NA;NA;NA;NA;NA;NA
R_xuzb32MWoUEvinf;fdd2020;NA;NA;55;NA;NA;NA;NA;NA;NA;NA;NA;NA;NA;NA;NA;NA;NA;NA;NA;NA;NA;NA;NA;NA;NA;NA;NA;NA;NA;NA;NA;NA;NA;NA
R_3gXfclAAgmVGlqb;fdd2020;NA;NA;17;NA;NA;NA;NA;NA;NA;NA;NA;NA;NA;NA;NA;NA;NA;NA;NA;NA;NA;NA;NA;NA;NA;NA;NA;NA;NA;NA;NA;NA;NA;NA
R_3Jx8q2oYaBSyy2o;fdd2020;NA;NA;79;NA;NA;NA;NA;NA;NA;NA;NA;NA;NA;NA;NA;NA;NA;NA;NA;NA;NA;NA;NA;NA;NA;NA;NA;NA;NA;NA;NA;NA;NA;NA
R_3CW0lMpB2qz9vkL;fdd2020;F;Belgium;367;1;1;7;6;5;2;3;4;7;8;1;29;90;5200;NA;2;NA;0;NA;NA;NA;NA;NA;NA;NA;NA;NA;NA;NA;NA;NA
R_3UljPcUMTqXXbot;fdd2020;M;Belgium;516;1;2;6;5;7;1;3;4;2;10;NA;1;10;10000;NA;2;30;NA;NA;NA;2;NA;1;NA;NA;NA;NA;NA;NA;NA;NA
R_3HXmWBAdDjyD0bs;fdd2020;NA;NA;7;NA;NA;NA;NA;NA;NA;NA;NA;NA;NA;NA;NA;NA;NA;NA;NA;NA;NA;NA;NA;NA;NA;NA;NA;NA;NA;NA;NA;NA;NA;NA
R_1Qcm909VBPYXncY;fdd2020;NA;NA;9;NA;NA;NA;NA;NA;NA;NA;NA;NA;NA;NA;NA;NA;NA;NA;NA;NA;NA;NA;NA;NA;NA;NA;NA;NA;NA;NA;NA;NA;NA;NA
R_25FWgKhMyUGcVyp;fdd2020;M;Belgium;10528;1;3;7;4;1;2;6;5;6;8;7;15;0;0;NA;NA;NA;NA;NA;NA;NA;NA;NA;NA;NA;NA;NA;NA;NA;NA;NA
R_3hhGBNTezwNnIen;fdd2020;M;Belgium;249;2;7;1;2;NA;5;3;6;7;5;1;29;0;7250;NA;NA;NA;NA;NA;NA;NA;NA;NA;NA;NA;NA;NA;NA;NA;NA;NA
R_3HUoWGJ8XuzgrNN;fdd2020;NA;NA;8;NA;NA;NA;NA;NA;NA;NA;NA;NA;NA;NA;NA;NA;NA;NA;NA;NA;NA;NA;NA;NA;NA;NA;NA;NA;NA;NA;NA;NA;NA;NA
R_1Cwnks8TYDCBKk1;fdd2020;NA;NA;8;NA;NA;NA;NA;NA;NA;NA;NA;NA;NA;NA;NA;NA;NA;NA;NA;NA;NA;NA;NA;NA;NA;NA;NA;NA;NA;NA;NA;NA;NA;NA
R_1ONQSSNdUXbwiR7;fdd2020;F;Belgium;112;2;NA;NA;NA;NA;NA;NA;NA;NA;NA;NA;NA;NA;NA;NA;NA;NA;NA;NA;NA;NA;NA;NA;NA;NA;NA;NA;NA;NA;NA;NA
R_2cttviEBnHMyhkp;fdd2020;F;Belgium;186;2;6;3;1;2;7;4;5;NA;NA;NA;NA;NA;NA;NA;NA;NA;NA;NA;NA;NA;NA;NA;NA;NA;NA;NA;NA;NA;NA;NA
R_2SrFyORi4m1ti0Z;fdd2020;F;Belgium;654;2;1;5;4;6;3;7;2;6;9;3;29;20;7000;1;NA;NA;NA;24;1;NA;2;NA;NA;NA;NA;NA;NA;NA;NA;NA
R_11cFOSQqHL2naBI;fdd2020;M;Belgium;312;2;7;NA;NA;3;4;5;6;4;8;8;30;0;NA;NA;1;0;NA;NA;NA;2;NA;NA;NA;NA;NA;NA;NA;NA;NA;NA
R_2b14s1ppB3g5QLE;fdd2020;NA;NA;7;NA;NA;NA;NA;NA;NA;NA;NA;NA;NA;NA;NA;NA;NA;NA;NA;NA;NA;NA;NA;NA;NA;NA;NA;NA;NA;NA;NA;NA;NA;NA
R_3n6GSG1JbObFavt;fdd2020;NA;NA;9;NA;NA;NA;NA;NA;NA;NA;NA;NA;NA;NA;NA;NA;NA;NA;NA;NA;NA;NA;NA;NA;NA;NA;NA;NA;NA;NA;NA;NA;NA;NA
R_1DGWKazKG3KErAx;fdd2020;M;Belgium;19463;2;NA;NA;NA;NA;NA;NA;NA;NA;NA;NA;NA;NA;NA;NA;NA;NA;NA;NA;NA;NA;NA;NA;NA;NA;NA;NA;NA;NA;NA;NA
R_23dbGZhVRcBsIuM;fdd2020;NA;NA;16;NA;NA;NA;NA;NA;NA;NA;NA;NA;NA;NA;NA;NA;NA;NA;NA;NA;NA;NA;NA;NA;NA;NA;NA;NA;NA;NA;NA;NA;NA;NA
R_3sizpGh0YFb8ZkY;fdd2020;NA;NA;10;NA;NA;NA;NA;NA;NA;NA;NA;NA;NA;NA;NA;NA;NA;NA;NA;NA;NA;NA;NA;NA;NA;NA;NA;NA;NA;NA;NA;NA;NA;NA
R_x5ipjUFbLUldJvj;fdd2020;NA;NA;9;NA;NA;NA;NA;NA;NA;NA;NA;NA;NA;NA;NA;NA;NA;NA;NA;NA;NA;NA;NA;NA;NA;NA;NA;NA;NA;NA;NA;NA;NA;NA
